file,start,duration,label,narration_anchor,section,timeline_start
assets/broll/racing_7_2.mp4,169.0,1.6545,hook_00_00,How do you,hook,0.0
assets/broll/feyenoord_5_1.mp4,8.0,1.6545,hook_00_01,How do you,hook,1.6545
assets/broll/portrait_lamine_yamal.mp4,1.0,1.782,hook_01_00,Double up,hook,3.309
assets/broll/yamal_illustrative_archive.mp4,49.0,1.782,hook_01_01,Double up,hook,5.091
assets/broll/portrait_raphinha.mp4,1.0,1.5095,hook_02_00,Follow Raphinha,hook,6.873
assets/broll/feyenoord_5_1.mp4,50.0,1.5095,hook_02_01,Follow Raphinha,hook,8.3825
assets/broll/training_focused.mp4,211.0,1.718,hook_03_00,Try to take,hook,9.892
assets/broll/training_ucl.mp4,352.0,1.718,hook_03_01,Try to take,hook,11.61
assets/broll/racing_7_2.mp4,10.0,2.0025,hook_04_00,Seven competitive,hook,13.328
assets/broll/feyenoord_5_1.mp4,36.0,2.0025,hook_04_01,Seven competitive,hook,15.3305
assets/broll/feyenoord_5_1.mp4,180.0,1.6195,hook_05_00,That is the start,hook,17.333
assets/broll/training_focused.mp4,55.0,1.6195,hook_05_01,That is the start,hook,18.9525
assets/broll/racing_7_2.mp4,76.0,2.16,hook_06_00,But the scorelines,hook,20.572
assets/broll/training_ucl.mp4,278.0,2.287,hook_07_00,The really interesting,hook,22.732
assets/broll/feyenoord_5_1.mp4,92.0,2.287,hook_07_01,The really interesting,hook,25.019
assets/broll/levante_4_2.mp4,118.0,2.008667,hook_08_00,And there is one,hook,27.306
assets/broll/levante_4_2.mp4,140.0,2.008667,hook_08_01,And there is one,hook,29.3147
assets/broll/levante_4_2.mp4,157.0,2.008667,hook_08_02,And there is one,hook,31.3233
assets/broll/feyenoord_5_1.mp4,34.0,1.6715,hook_09_00,Because this team,hook,33.332
assets/broll/racing_7_2.mp4,176.0,1.6715,hook_09_01,Because this team,hook,35.0035
assets/broll/feyenoord_5_1.mp4,7.0,1.854201,hook_10_00,But first,hook,36.675
assets/broll/racing_7_2.mp4,15.0,1.854201,hook_10_01,But first,hook,38.5292
assets/broll/valencia_5_0.mp4,12.0,1.498,early_damage_00_00,Five minutes at Valencia,early_damage,40.2634
assets/broll/feyenoord_5_1.mp4,9.0,1.59,early_damage_01_00,Three minutes against,early_damage,41.7614
assets/broll/levante_4_2.mp4,13.0,1.115,early_damage_02_00,Five at Levante,early_damage,43.3514
assets/broll/racing_7_2.mp4,13.0,1.219,early_damage_03_00,Eight against Racing,early_damage,44.4664
assets/broll/racing_7_2.mp4,18.0,2.885,early_damage_04_00,Four matches,early_damage,45.6854
assets/broll/feyenoord_5_1.mp4,19.0,2.885,early_damage_04_01,Four matches,early_damage,48.5704
assets/broll/training_focused.mp4,183.0,3.019,early_damage_05_00,That matters,early_damage,51.4554
assets/broll/tactics_v2_early_damage_06_00.mp4,0,3.013,early_damage_06_00,An opponent can,early_damage,54.4744
assets/broll/training_ucl.mp4,325.0,3.013,early_damage_06_01,An opponent can,early_damage,57.4874
assets/broll/feyenoord_5_1.mp4,23.0,2.565,early_damage_07_00,Then the plan,early_damage,60.5004
assets/broll/racing_7_2.mp4,111.0,3.507,early_damage_08_00,Stay deep,early_damage,63.0654
assets/broll/levante_4_2.mp4,170.0,3.332,early_damage_09_00,Push more,early_damage,66.5724
assets/broll/levante_4_2.mp4,116.0,3.483,early_damage_10_00,An early goal,early_damage,69.9044
assets/broll/training_ucl.mp4,377.0,2.38,early_damage_11_00,But it makes,early_damage,73.3874
assets/broll/racing_7_2.mp4,81.0,2.921667,early_damage_12_00,And when,early_damage,75.7674
assets/broll/valencia_5_0.mp4,155.0,2.921667,early_damage_12_01,And when,early_damage,78.6891
assets/broll/racing_7_2.mp4,174.0,2.921667,early_damage_12_02,And when,early_damage,81.6107
assets/broll/training_recover.mp4,274.0,3.126828,early_damage_13_00,The next question,early_damage,84.5324
assets/broll/portrait_lamine_yamal.mp4,0.0,1.207,yamal_dilemma_00_00,Start with,yamal_dilemma,87.5392
assets/broll/yamal_illustrative_archive.mp4,61.0,1.939,yamal_dilemma_01_00,Seven league,yamal_dilemma,88.7462
assets/broll/portrait_lamine_yamal.mp4,4.0,1.939,yamal_dilemma_01_01,Seven league,yamal_dilemma,90.6852
assets/broll/portrait_lamine_yamal.mp4,2.0,1.208,yamal_dilemma_02_00,Two against Rayo,yamal_dilemma,92.6242
assets/broll/portrait_lamine_yamal.mp4,3.0,1.056,yamal_dilemma_03_00,Two at Valencia,yamal_dilemma,93.8322
assets/broll/yamal_illustrative_archive.mp4,93.0,1.115,yamal_dilemma_04_00,Two at Levante,yamal_dilemma,94.8882
assets/broll/yamal_illustrative_archive.mp4,100.0,1.544,yamal_dilemma_05_00,Then another,yamal_dilemma,96.0032
assets/broll/yamal_illustrative_archive.mp4,109.0,2.0025,yamal_dilemma_06_00,The player,yamal_dilemma,97.5472
assets/broll/portrait_lamine_yamal.mp4,1.0,2.0025,yamal_dilemma_06_01,The player,yamal_dilemma,99.5497
assets/broll/yamal_illustrative_archive.mp4,50.0,2.449,yamal_dilemma_07_00,That changes,yamal_dilemma,101.5522
assets/broll/tactics_v2_yamal_dilemma_08_00.mp4,0,2.183,yamal_dilemma_08_00,Give him,yamal_dilemma,104.0012
assets/broll/yamal_illustrative_archive.mp4,94.0,3.46,yamal_dilemma_09_00,Rush into,yamal_dilemma,106.1842
assets/broll/tactics_v2_yamal_dilemma_10_00.mp4,0,2.682,yamal_dilemma_10_00,Send help,yamal_dilemma,109.6442
assets/broll/portrait_lamine_yamal.mp4,2.0,2.368,yamal_dilemma_11_00,Against Feyenoord,yamal_dilemma,112.3262
assets/broll/yamal_illustrative_archive.mp4,40.0,2.961,yamal_dilemma_12_00,There is no,yamal_dilemma,114.6942
assets/broll/yamal_illustrative_archive.mp4,44.0,3.076,yamal_dilemma_13_00,Of course,yamal_dilemma,117.6552
assets/broll/yamal_illustrative_archive.mp4,100.0,3.542,yamal_dilemma_14_00,The point,yamal_dilemma,120.7312
assets/broll/tactics_v2_yamal_dilemma_15_00.mp4,0,2.590959,yamal_dilemma_15_00,And the more,yamal_dilemma,124.2732
assets/broll/tactics_v2_yamal_dilemma_15_01.mp4,0,2.590959,yamal_dilemma_15_01,And the more,yamal_dilemma,126.8642
assets/broll/portrait_raphinha.mp4,0.0,2.891,raphinha_space_00_00,That player,raphinha_space,129.3351
assets/broll/feyenoord_5_1.mp4,25.0,3.68,raphinha_space_01_00,Eleven goals,raphinha_space,132.2261
assets/broll/feyenoord_5_1.mp4,44.0,3.239,raphinha_space_02_00,But put,raphinha_space,135.9061
assets/broll/tactics_v2_raphinha_space_03_00.mp4,0,2.7805,raphinha_space_03_00,Against Feyenoord,raphinha_space,139.1451
assets/broll/portrait_raphinha.mp4,2.0,2.7805,raphinha_space_03_01,Against Feyenoord,raphinha_space,141.9256
assets/broll/feyenoord_5_1.mp4,44.0,2.566,raphinha_space_04_00,The decisive,raphinha_space,144.7061
assets/broll/tactics_v2_raphinha_space_05_00.mp4,0,3.286,raphinha_space_05_00,A runner,raphinha_space,147.2721
assets/broll/feyenoord_5_1.mp4,51.0,2.798,raphinha_space_06_00,The pass,raphinha_space,150.5581
assets/broll/training_ucl.mp4,401.0,2.623,raphinha_space_07_00,That is the,raphinha_space,153.3561
assets/broll/tactics_v2_raphinha_space_08_00.mp4,0,2.99,raphinha_space_08_00,You cannot,raphinha_space,155.9791
assets/broll/training_recover.mp4,208.0,2.99,raphinha_space_08_01,You cannot,raphinha_space,158.9691
assets/broll/portrait_raphinha.mp4,1.0,2.0605,raphinha_space_09_00,Against Racing,raphinha_space,161.9591
assets/broll/racing_7_2.mp4,128.0,2.0605,raphinha_space_09_01,Against Racing,raphinha_space,164.0196
assets/broll/racing_7_2.mp4,56.0,2.6065,raphinha_space_10_00,So this,raphinha_space,166.0801
assets/broll/training_recover.mp4,235.0,2.6065,raphinha_space_10_01,So this,raphinha_space,168.6866
assets/broll/racing_7_2.mp4,138.0,2.604667,raphinha_space_11_00,It is a broader,raphinha_space,171.2931
assets/broll/feyenoord_5_1.mp4,15.0,2.604667,raphinha_space_11_01,It is a broader,raphinha_space,173.8978
assets/broll/racing_7_2.mp4,87.0,2.604667,raphinha_space_11_02,It is a broader,raphinha_space,176.5025
assets/broll/feyenoord_5_1.mp4,156.0,3.010857,raphinha_space_12_00,Now look,raphinha_space,179.1071
assets/broll/portrait_pedri.mp4,0.0,2.798,midfield_choices_00_00,Pedri can,midfield_choices,181.998
assets/broll/feyenoord_5_1.mp4,157.0,2.798,midfield_choices_00_01,Pedri can,midfield_choices,184.796
assets/broll/tactics_v2_midfield_choices_01_00.mp4,0,3.622,midfield_choices_01_00,The pass,midfield_choices,187.594
assets/broll/tactics_v2_midfield_choices_02_00.mp4,0,2.9895,midfield_choices_02_00,At Valencia,midfield_choices,191.216
assets/broll/portrait_pedri.mp4,3.0,2.9895,midfield_choices_02_01,At Valencia,midfield_choices,194.2055
assets/broll/portrait_pedri.mp4,4.0,2.171,midfield_choices_03_00,Creator,midfield_choices,197.195
assets/broll/training_ucl.mp4,331.0,2.868,midfield_choices_04_00,The roles,midfield_choices,199.366
assets/broll/portrait_rodri.mp4,1.0,2.0025,midfield_choices_05_00,Rodri also,midfield_choices,202.234
assets/broll/tactics_v2_midfield_choices_05_01.mp4,0,2.0025,midfield_choices_05_01,Rodri also,midfield_choices,204.2365
assets/broll/tactics_v2_midfield_choices_06_00.mp4,0,3.402,midfield_choices_06_00,In one sequence,midfield_choices,206.239
assets/broll/tactics_v2_midfield_choices_06_01.mp4,0,3.402,midfield_choices_06_01,In one sequence,midfield_choices,209.641
assets/broll/tactics_v2_midfield_choices_07_00.mp4,0,3.146,midfield_choices_07_00,That move,midfield_choices,213.043
assets/broll/training_focused.mp4,213.0,3.344,midfield_choices_08_00,Close down,midfield_choices,216.189
assets/broll/tactics_v2_midfield_choices_09_00.mp4,0,2.444,midfield_choices_09_00,The question,midfield_choices,219.533
assets/broll/training_recover.mp4,287.0,2.444,midfield_choices_09_01,The question,midfield_choices,221.977
assets/broll/valencia_5_0.mp4,91.0,1.975575,midfield_choices_10_00,If you cannot,midfield_choices,224.421
assets/broll/racing_7_2.mp4,170.0,1.975575,midfield_choices_10_01,If you cannot,midfield_choices,226.3966
assets/broll/feyenoord_5_1.mp4,184.0,3.274,flick_mechanism_00_00,This is where,flick_mechanism,228.2522
assets/broll/tactics_v2_flick_mechanism_01_00.mp4,0,2.926,flick_mechanism_01_00,Imagine you,flick_mechanism,231.5262
assets/broll/tactics_v2_flick_mechanism_02_00.mp4,0,2.264,flick_mechanism_02_00,Your midfielder,flick_mechanism,234.4522
assets/broll/tactics_v2_flick_mechanism_03_00.mp4,0,2.0955,flick_mechanism_03_00,That can be,flick_mechanism,236.7162
assets/broll/training_focused.mp4,210.0,2.0955,flick_mechanism_03_01,That can be,flick_mechanism,238.8117
assets/broll/tactics_v2_flick_mechanism_04_00.mp4,0,3.4655,flick_mechanism_04_00,A Barcelona runner,flick_mechanism,240.9072
assets/broll/tactics_v2_flick_mechanism_04_01.mp4,0,3.4655,flick_mechanism_04_01,A Barcelona runner,flick_mechanism,244.3727
assets/broll/training_recover.mp4,175.0,2.264,flick_mechanism_05_00,Neither choice,flick_mechanism,247.8382
assets/broll/tactics_v2_flick_mechanism_06_00.mp4,0,2.479,flick_mechanism_06_00,The danger,flick_mechanism,250.1022
assets/broll/tactics_v2_flick_mechanism_06_01.mp4,0,2.479,flick_mechanism_06_01,The danger,flick_mechanism,252.5812
assets/broll/feyenoord_5_1.mp4,189.0,2.0145,flick_mechanism_07_00,That is the tactical,flick_mechanism,255.0602
assets/broll/training_focused.mp4,53.0,2.0145,flick_mechanism_07_01,That is the tactical,flick_mechanism,257.0747
assets/broll/racing_7_2.mp4,129.0,3.2855,flick_mechanism_08_00,Barcelona keep,flick_mechanism,259.0892
assets/broll/training_ucl.mp4,304.0,3.2855,flick_mechanism_08_01,Barcelona keep,flick_mechanism,262.3747
assets/broll/training_recover.mp4,233.0,3.192,flick_mechanism_09_00,It does not,flick_mechanism,265.6602
assets/broll/tactics_v2_flick_mechanism_10_00.mp4,0,2.6125,flick_mechanism_10_00,It means,flick_mechanism,268.8522
assets/broll/training_focused.mp4,255.0,2.6125,flick_mechanism_10_01,It means,flick_mechanism,271.4647
assets/broll/racing_7_2.mp4,99.0,2.64301,flick_mechanism_11_00,And just,flick_mechanism,274.0772
assets/broll/feyenoord_5_1.mp4,104.0,2.64301,flick_mechanism_11_01,And just,flick_mechanism,276.7202
assets/broll/portrait_adeyemi.mp4,1.0,2.171,additional_weapons_00_00,Karim Adeyemi,additional_weapons,279.2432
assets/broll/portrait_adeyemi.mp4,2.0,2.659,additional_weapons_01_00,He settled,additional_weapons,281.4142
assets/broll/portrait_adeyemi.mp4,3.0,2.2405,additional_weapons_02_00,Against Racing,additional_weapons,284.0732
assets/broll/racing_7_2.mp4,128.0,2.2405,additional_weapons_02_01,Against Racing,additional_weapons,286.3137
assets/broll/tactics_v2_additional_weapons_03_00.mp4,0,3.127,additional_weapons_03_00,Those are different,additional_weapons,288.5542
assets/broll/racing_7_2.mp4,43.0,3.127,additional_weapons_03_01,Those are different,additional_weapons,291.6812
assets/broll/levante_4_2.mp4,168.0,3.127,additional_weapons_03_02,Those are different,additional_weapons,294.8082
assets/broll/portrait_gabriel_jesus.mp4,1.0,2.2635,additional_weapons_04_00,Gabriel Jesus,additional_weapons,297.9352
assets/broll/tactics_v2_additional_weapons_04_01.mp4,0,2.2635,additional_weapons_04_01,Gabriel Jesus,additional_weapons,300.1987
assets/broll/racing_7_2.mp4,101.0,2.1595,additional_weapons_05_00,This matters,additional_weapons,302.4622
assets/broll/training_focused.mp4,75.0,2.1595,additional_weapons_05_01,This matters,additional_weapons,304.6217
assets/broll/training_ucl.mp4,451.0,2.438,additional_weapons_06_00,They have to,additional_weapons,306.7812
assets/broll/training_focused.mp4,290.0,3.5415,additional_weapons_07_00,A game can,additional_weapons,309.2192
assets/broll/racing_7_2.mp4,105.0,3.5415,additional_weapons_07_01,A game can,additional_weapons,312.7607
assets/broll/training_recover.mp4,82.0,3.413,additional_weapons_08_00,That does not,additional_weapons,316.3022
assets/broll/feyenoord_5_1.mp4,181.0,1.985,additional_weapons_09_00,Seven matches,additional_weapons,319.7152
assets/broll/racing_7_2.mp4,181.0,2.868,additional_weapons_10_00,It does show,additional_weapons,321.7002
assets/broll/feyenoord_5_1.mp4,93.0,2.868,additional_weapons_10_01,It does show,additional_weapons,324.5682
assets/broll/levante_4_2.mp4,119.0,2.685821,additional_weapons_11_00,But here,additional_weapons,327.4362
assets/broll/levante_4_2.mp4,77.0,2.81,levante_warning_00_00,At Levante,levante_warning,330.002
assets/broll/levante_4_2.mp4,100.0,2.414,levante_warning_01_00,Comfortable,levante_warning,332.812
assets/broll/levante_4_2.mp4,109.0,2.009,levante_warning_02_00,Then a poor,levante_warning,335.226
assets/broll/levante_4_2.mp4,115.0,2.009,levante_warning_02_01,Then a poor,levante_warning,337.235
assets/broll/levante_4_2.mp4,146.0,2.751,levante_warning_03_00,In the eighty,levante_warning,339.244
assets/broll/levante_4_2.mp4,159.0,2.148,levante_warning_04_00,Three-nil,levante_warning,341.995
assets/broll/levante_4_2.mp4,151.0,2.148,levante_warning_05_00,Suddenly,levante_warning,344.143
assets/broll/levante_4_2.mp4,163.0,2.148,levante_warning_05_01,Suddenly,levante_warning,346.291
assets/broll/levante_4_2.mp4,168.0,2.815,levante_warning_06_00,Adeyemi eventually,levante_warning,348.439
assets/broll/levante_4_2.mp4,175.0,2.815,levante_warning_06_01,Adeyemi eventually,levante_warning,351.254
assets/broll/feyenoord_5_1.mp4,190.0,2.322,levante_warning_07_00,But the warning,levante_warning,354.069
assets/broll/racing_7_2.mp4,132.0,2.8445,levante_warning_08_00,An attack,levante_warning,356.391
assets/broll/feyenoord_5_1.mp4,80.0,2.8445,levante_warning_08_01,An attack,levante_warning,359.2355
assets/broll/levante_4_2.mp4,110.0,2.1885,levante_warning_09_00,And we should,levante_warning,362.08
assets/broll/levante_4_2.mp4,115.0,2.1885,levante_warning_09_01,And we should,levante_warning,364.2685
assets/broll/tactics_v2_levante_warning_10_00.mp4,0,2.386,levante_warning_10_00,Calling every,levante_warning,366.457
assets/broll/training_recover.mp4,305.0,2.386,levante_warning_10_01,Calling every,levante_warning,368.843
assets/broll/feyenoord_5_1.mp4,199.0,2.565,levante_warning_11_00,The bigger,levante_warning,371.229
assets/broll/training_recover.mp4,289.0,3.762,levante_warning_12_00,Can Barcelona,levante_warning,373.794
assets/broll/feyenoord_5_1.mp4,12.0,2.335789,levante_warning_13_00,Against Europe,levante_warning,377.556
assets/broll/feyenoord_5_1.mp4,100.0,2.335789,levante_warning_13_01,Against Europe,levante_warning,379.8918
assets/broll/feyenoord_5_1.mp4,8.0,3.622,european_test_00_00,The Feyenoord,european_test,382.1076
assets/broll/feyenoord_5_1.mp4,58.0,3.135,european_test_01_00,Five-one,european_test,385.7296
assets/broll/feyenoord_5_1.mp4,92.0,2.647,european_test_02_00,It is also,european_test,388.8646
assets/broll/feyenoord_5_1.mp4,182.0,2.653,european_test_03_00,A convincing,european_test,391.5116
assets/broll/training_ucl.mp4,53.0,2.653,european_test_03_01,A convincing,european_test,394.1646
assets/broll/feyenoord_5_1.mp4,43.0,2.659,european_test_04_00,Even Feyenoord,european_test,396.8176
assets/broll/feyenoord_5_1.mp4,98.0,2.659,european_test_04_01,Even Feyenoord,european_test,399.4766
assets/broll/training_recover.mp4,81.0,2.531,european_test_05_00,That is why,european_test,402.1356
assets/broll/training_ucl.mp4,60.0,2.9135,european_test_06_00,The schedule,european_test,404.6666
assets/broll/training_focused.mp4,368.0,2.9135,european_test_06_01,The schedule,european_test,407.5801
assets/broll/training_focused.mp4,214.0,2.856333,european_test_07_00,Those are,european_test,410.4936
assets/broll/tactics_v2_european_test_07_01.mp4,0,2.856333,european_test_07_01,Those are,european_test,413.3499
assets/broll/training_recover.mp4,326.0,2.856333,european_test_07_02,Those are,european_test,416.2062
assets/broll/training_recover.mp4,250.0,3.773,european_test_08_00,The challenge,european_test,419.0626
assets/broll/training_ucl.mp4,306.0,2.9835,european_test_09_00,It is retaining,european_test,422.8356
assets/broll/training_focused.mp4,299.0,2.9835,european_test_09_01,It is retaining,european_test,425.8191
assets/broll/feyenoord_5_1.mp4,59.0,2.16157,european_test_10_00,That is the difference,european_test,428.8026
assets/broll/training_focused.mp4,434.0,2.16157,european_test_10_01,That is the difference,european_test,430.9641
assets/broll/feyenoord_5_1.mp4,197.0,2.694,opponents_choices_00_00,So what,opponents_choices,433.0057
assets/broll/feyenoord_5_1.mp4,10.0,2.188,opponents_choices_01_00,"First, survive",opponents_choices,435.6997
assets/broll/racing_7_2.mp4,16.0,2.188,opponents_choices_01_01,"First, survive",opponents_choices,437.8877
assets/broll/feyenoord_5_1.mp4,24.0,2.531,opponents_choices_02_00,The early goals,opponents_choices,440.0757
assets/broll/tactics_v2_opponents_choices_03_00.mp4,0,3.426,opponents_choices_03_00,"Second, defend",opponents_choices,442.6067
assets/broll/feyenoord_5_1.mp4,46.0,2.0025,opponents_choices_04_00,Tracking Raphinha,opponents_choices,446.0327
assets/broll/feyenoord_5_1.mp4,53.0,2.0025,opponents_choices_04_01,Tracking Raphinha,opponents_choices,448.0352
assets/broll/yamal_illustrative_archive.mp4,50.0,2.0495,opponents_choices_05_00,Doubling Lamine,opponents_choices,450.0377
assets/broll/tactics_v2_opponents_choices_05_01.mp4,0,2.0495,opponents_choices_05_01,Doubling Lamine,opponents_choices,452.0872
assets/broll/training_recover.mp4,284.0,2.2115,opponents_choices_06_00,"Third, make",opponents_choices,454.1367
assets/broll/tactics_v2_opponents_choices_06_01.mp4,0,2.2115,opponents_choices_06_01,"Third, make",opponents_choices,456.3482
assets/broll/levante_4_2.mp4,126.0,3.437,opponents_choices_07_00,Levante showed,opponents_choices,458.5597
assets/broll/feyenoord_5_1.mp4,185.0,1.857,opponents_choices_08_00,None of this,opponents_choices,461.9967
assets/broll/training_focused.mp4,211.0,1.324,opponents_choices_09_00,It is the task,opponents_choices,463.8537
assets/broll/training_ucl.mp4,351.0,2.978,opponents_choices_10_00,And it explains,opponents_choices,465.1777
assets/broll/training_focused.mp4,232.0,2.978,opponents_choices_10_01,And it explains,opponents_choices,468.1557
assets/broll/training_recover.mp4,192.0,2.978,opponents_choices_10_02,And it explains,opponents_choices,471.1337
assets/broll/tactics_v2_opponents_choices_10_03.mp4,0,2.978,opponents_choices_10_03,And it explains,opponents_choices,474.1117
assets/broll/training_focused.mp4,435.0,2.33659,opponents_choices_11_00,That is a demanding,opponents_choices,477.0897
assets/broll/racing_7_2.mp4,10.0,3.094,payoff_00_00,The numbers,payoff,479.3063
assets/broll/racing_7_2.mp4,79.0,3.094,payoff_00_01,The numbers,payoff,482.4003
assets/broll/feyenoord_5_1.mp4,188.0,3.727,payoff_01_00,They describe,payoff,485.4943
assets/broll/training_recover.mp4,45.0,3.262,payoff_02_00,That distinction,payoff,489.2213
assets/broll/levante_4_2.mp4,121.0,3.066,payoff_03_00,We do not need to pretend,payoff,492.4833
assets/broll/feyenoord_5_1.mp4,181.0,3.529,payoff_04_00,We do not need to declare,payoff,495.5493
assets/broll/portrait_lamine_yamal.mp4,1.0,3.576,payoff_05_00,Barcelona have already,payoff,499.0783
assets/broll/portrait_raphinha.mp4,1.0,3.576,payoff_05_01,Barcelona have already,payoff,502.6543
assets/broll/portrait_pedri.mp4,1.0,3.576,payoff_05_02,Barcelona have already,payoff,506.2303
assets/broll/tactics_v2_payoff_05_03.mp4,0,3.576,payoff_05_03,Barcelona have already,payoff,509.8063
assets/broll/training_focused.mp4,210.0,3.668,payoff_06_00,The next step,payoff,513.3823
assets/broll/feyenoord_5_1.mp4,200.0,1.91,payoff_07_00,If they do,payoff,517.0503
assets/broll/training_recover.mp4,82.0,1.91,payoff_07_01,If they do,payoff,518.9603
assets/broll/racing_7_2.mp4,85.0,3.1695,payoff_08_00,So when Europe,payoff,520.8703
assets/broll/feyenoord_5_1.mp4,112.0,3.1695,payoff_08_01,So when Europe,payoff,524.0398
assets/broll/tactics_v2_payoff_09_00.mp4,0,2.531,payoff_09_00,Ask how many,payoff,527.2093
assets/broll/feyenoord_5_1.mp4,9.0,2.856,payoff_10_00,Then ask,payoff,529.7403
assets/broll/training_focused.mp4,298.0,2.184524,payoff_11_00,Because while,payoff,532.5963
assets/broll/feyenoord_5_1.mp4,50.0,2.184524,payoff_11_01,Because while,payoff,534.7808
