section,type,source,start_seconds,duration_seconds,source_url,editorial_purpose
cold_open,broll,assets/broll/sevilla_3_1.mp4,30,3.7,https://www.youtube.com/watch?v=d43_hiFvuGs,cold_open_00
cold_open,broll,assets/broll/sevilla_3_1.mp4,60,3.7,https://www.youtube.com/watch?v=d43_hiFvuGs,cold_open_01
cold_open,broll,assets/broll/portrait_raphinha.mp4,0,3.7,prior local Barcelona project; see 05 clip sourcing plan.md,cold_open_02
cold_open,broll,assets/broll/sevilla_3_1.mp4,65,3.7,https://www.youtube.com/watch?v=d43_hiFvuGs,cold_open_03
cold_open,broll,assets/broll/training_focused.mp4,18,3.7,prior local Barcelona project; see 05 clip sourcing plan.md,cold_open_04
cold_open,broll,assets/broll/sevilla_3_1.mp4,108,3.7,https://www.youtube.com/watch?v=d43_hiFvuGs,cold_open_05
cold_open,broll,assets/broll/sevilla_3_1.mp4,151,3.7,https://www.youtube.com/watch?v=d43_hiFvuGs,cold_open_06
cold_open,broll,assets/broll/portrait_lamine_yamal.mp4,0,3.7,prior local Barcelona project; see 05 clip sourcing plan.md,cold_open_07
cold_open,broll,assets/broll/sevilla_3_1.mp4,156,3.7,https://www.youtube.com/watch?v=d43_hiFvuGs,cold_open_08
cold_open,broll,assets/broll/training_ucl.mp4,28,3.7,prior local Barcelona project; see 05 clip sourcing plan.md,cold_open_09
cold_open,broll,assets/broll/sevilla_3_1.mp4,69,3.7,https://www.youtube.com/watch?v=d43_hiFvuGs,cold_open_10
cold_open,broll,assets/broll/tactics_inside_runner.mp4,0,3.7,prior local Barcelona project; see 05 clip sourcing plan.md,cold_open_11
cold_open,broll,assets/broll/sevilla_3_1.mp4,162,3.7,https://www.youtube.com/watch?v=d43_hiFvuGs,cold_open_12
cold_open,broll,assets/broll/training_focused.mp4,41,3.7,prior local Barcelona project; see 05 clip sourcing plan.md,cold_open_13
cold_open,broll,assets/broll/sevilla_3_1.mp4,174,3.7,https://www.youtube.com/watch?v=d43_hiFvuGs,cold_open_14
cbs_hot_take,insert,assets/broll/cbs_sevilla.mp4,185.8,6.2,https://www.youtube.com/watch?v=ZHpl1ctjX4Y,studio claim or match sound; narration absent
sevilla_equalizer_sound,insert,assets/broll/sevilla_3_1.mp4,52.0,16.0,https://www.youtube.com/watch?v=d43_hiFvuGs,studio claim or match sound; narration absent
scoreboard_vs_question,broll,assets/broll/sevilla_3_1.mp4,25,3.7,https://www.youtube.com/watch?v=d43_hiFvuGs,scoreboard_vs_question_00
scoreboard_vs_question,broll,assets/broll/racing_7_2.mp4,140,3.7,prior local Barcelona project; see 05 clip sourcing plan.md,scoreboard_vs_question_01
scoreboard_vs_question,broll,assets/broll/racing_7_2.mp4,170,3.7,prior local Barcelona project; see 05 clip sourcing plan.md,scoreboard_vs_question_02
scoreboard_vs_question,broll,assets/broll/feyenoord_5_1.mp4,30,3.7,prior local Barcelona project; see 05 clip sourcing plan.md,scoreboard_vs_question_03
scoreboard_vs_question,broll,assets/broll/sevilla_3_1.mp4,18,3.7,https://www.youtube.com/watch?v=d43_hiFvuGs,scoreboard_vs_question_04
scoreboard_vs_question,broll,assets/broll/sevilla_3_1.mp4,32,3.7,https://www.youtube.com/watch?v=d43_hiFvuGs,scoreboard_vs_question_05
scoreboard_vs_question,broll,assets/broll/training_ucl.mp4,54,3.7,prior local Barcelona project; see 05 clip sourcing plan.md,scoreboard_vs_question_06
scoreboard_vs_question,broll,assets/broll/sevilla_3_1.mp4,57,3.7,https://www.youtube.com/watch?v=d43_hiFvuGs,scoreboard_vs_question_07
scoreboard_vs_question,broll,assets/broll/sevilla_3_1.mp4,61,3.7,https://www.youtube.com/watch?v=d43_hiFvuGs,scoreboard_vs_question_08
scoreboard_vs_question,broll,assets/broll/sevilla_3_1.mp4,64,3.7,https://www.youtube.com/watch?v=d43_hiFvuGs,scoreboard_vs_question_09
scoreboard_vs_question,broll,assets/broll/sevilla_3_1.mp4,67,3.7,https://www.youtube.com/watch?v=d43_hiFvuGs,scoreboard_vs_question_10
scoreboard_vs_question,broll,assets/broll/tactics_inside_runner.mp4,0,3.7,prior local Barcelona project; see 05 clip sourcing plan.md,scoreboard_vs_question_11
scoreboard_vs_question,broll,assets/broll/sevilla_3_1.mp4,73,3.7,https://www.youtube.com/watch?v=d43_hiFvuGs,scoreboard_vs_question_12
scoreboard_vs_question,broll,assets/broll/portrait_raphinha.mp4,0,3.7,prior local Barcelona project; see 05 clip sourcing plan.md,scoreboard_vs_question_13
scoreboard_vs_question,broll,assets/broll/training_focused.mp4,75,3.7,prior local Barcelona project; see 05 clip sourcing plan.md,scoreboard_vs_question_14
scoreboard_vs_question,broll,assets/broll/sevilla_3_1.mp4,61,3.7,https://www.youtube.com/watch?v=d43_hiFvuGs,scoreboard_vs_question_15
scoreboard_vs_question,broll,assets/broll/feyenoord_5_1.mp4,52,3.7,prior local Barcelona project; see 05 clip sourcing plan.md,scoreboard_vs_question_16
scoreboard_vs_question,broll,assets/broll/sevilla_3_1.mp4,68,3.7,https://www.youtube.com/watch?v=d43_hiFvuGs,scoreboard_vs_question_17
scoreboard_vs_question,broll,assets/broll/training_ucl.mp4,83,3.7,prior local Barcelona project; see 05 clip sourcing plan.md,scoreboard_vs_question_18
scoreboard_vs_question,broll,assets/broll/sevilla_3_1.mp4,63,3.7,https://www.youtube.com/watch?v=d43_hiFvuGs,scoreboard_vs_question_19
new_nine,broll,assets/broll/tactics_inside_runner.mp4,0,3.7,prior local Barcelona project; see 05 clip sourcing plan.md,new_nine_00
new_nine,broll,assets/broll/portrait_raphinha.mp4,0,3.7,prior local Barcelona project; see 05 clip sourcing plan.md,new_nine_01
new_nine,broll,assets/broll/training_focused.mp4,108,3.7,prior local Barcelona project; see 05 clip sourcing plan.md,new_nine_02
new_nine,broll,assets/broll/feyenoord_5_1.mp4,48,3.7,prior local Barcelona project; see 05 clip sourcing plan.md,new_nine_03
new_nine,broll,assets/broll/feyenoord_5_1.mp4,54,3.7,prior local Barcelona project; see 05 clip sourcing plan.md,new_nine_04
new_nine,broll,assets/broll/sevilla_3_1.mp4,60,3.7,https://www.youtube.com/watch?v=d43_hiFvuGs,new_nine_05
new_nine,broll,assets/broll/training_ucl.mp4,110,3.7,prior local Barcelona project; see 05 clip sourcing plan.md,new_nine_06
new_nine,broll,assets/broll/sevilla_3_1.mp4,63,3.7,https://www.youtube.com/watch?v=d43_hiFvuGs,new_nine_07
new_nine,broll,assets/broll/tactics_wide_overload.mp4,0,3.7,prior local Barcelona project; see 05 clip sourcing plan.md,new_nine_08
new_nine,broll,assets/broll/feyenoord_5_1.mp4,58,3.7,prior local Barcelona project; see 05 clip sourcing plan.md,new_nine_09
new_nine,broll,assets/broll/sevilla_3_1.mp4,64,3.7,https://www.youtube.com/watch?v=d43_hiFvuGs,new_nine_10
new_nine,broll,assets/broll/training_focused.mp4,132,3.7,prior local Barcelona project; see 05 clip sourcing plan.md,new_nine_11
new_nine,broll,assets/broll/sevilla_3_1.mp4,94,3.7,https://www.youtube.com/watch?v=d43_hiFvuGs,new_nine_12
new_nine,broll,assets/broll/feyenoord_5_1.mp4,64,3.7,prior local Barcelona project; see 05 clip sourcing plan.md,new_nine_13
new_nine,broll,assets/broll/training_ucl.mp4,142,3.7,prior local Barcelona project; see 05 clip sourcing plan.md,new_nine_14
new_nine,broll,assets/broll/portrait_raphinha.mp4,0,3.7,prior local Barcelona project; see 05 clip sourcing plan.md,new_nine_15
new_nine,broll,assets/broll/sevilla_3_1.mp4,99,3.7,https://www.youtube.com/watch?v=d43_hiFvuGs,new_nine_16
new_nine,broll,assets/broll/tactics_coordinated_shift.mp4,0,3.7,prior local Barcelona project; see 05 clip sourcing plan.md,new_nine_17
new_nine,broll,assets/broll/sevilla_3_1.mp4,70,3.7,https://www.youtube.com/watch?v=d43_hiFvuGs,new_nine_18
new_nine,broll,assets/broll/training_focused.mp4,158,3.7,prior local Barcelona project; see 05 clip sourcing plan.md,new_nine_19
cbs_movement_press,insert,assets/broll/cbs_sevilla.mp4,129.2,11.3,https://www.youtube.com/watch?v=ZHpl1ctjX4Y,studio claim or match sound; narration absent
pressing_nine,broll,assets/broll/training_focused.mp4,183,3.7,prior local Barcelona project; see 05 clip sourcing plan.md,pressing_nine_00
pressing_nine,broll,assets/broll/training_ucl.mp4,169,3.7,prior local Barcelona project; see 05 clip sourcing plan.md,pressing_nine_01
pressing_nine,broll,assets/broll/tactics_coordinated_shift.mp4,0,3.7,prior local Barcelona project; see 05 clip sourcing plan.md,pressing_nine_02
pressing_nine,broll,assets/broll/sevilla_3_1.mp4,10,3.7,https://www.youtube.com/watch?v=d43_hiFvuGs,pressing_nine_03
pressing_nine,broll,assets/broll/training_focused.mp4,205,3.7,prior local Barcelona project; see 05 clip sourcing plan.md,pressing_nine_04
pressing_nine,broll,assets/broll/feyenoord_5_1.mp4,90,3.7,prior local Barcelona project; see 05 clip sourcing plan.md,pressing_nine_05
pressing_nine,broll,assets/broll/training_ucl.mp4,198,3.7,prior local Barcelona project; see 05 clip sourcing plan.md,pressing_nine_06
pressing_nine,broll,assets/broll/sevilla_3_1.mp4,66,3.7,https://www.youtube.com/watch?v=d43_hiFvuGs,pressing_nine_07
pressing_nine,broll,assets/broll/training_focused.mp4,224,3.7,prior local Barcelona project; see 05 clip sourcing plan.md,pressing_nine_08
pressing_nine,broll,assets/broll/tactics_inside_runner.mp4,0,3.7,prior local Barcelona project; see 05 clip sourcing plan.md,pressing_nine_09
pressing_nine,broll,assets/broll/sevilla_3_1.mp4,97,3.7,https://www.youtube.com/watch?v=d43_hiFvuGs,pressing_nine_10
pressing_nine,broll,assets/broll/training_ucl.mp4,228,3.7,prior local Barcelona project; see 05 clip sourcing plan.md,pressing_nine_11
pressing_nine,broll,assets/broll/feyenoord_5_1.mp4,104,3.7,prior local Barcelona project; see 05 clip sourcing plan.md,pressing_nine_12
pressing_nine,broll,assets/broll/training_focused.mp4,242,3.7,prior local Barcelona project; see 05 clip sourcing plan.md,pressing_nine_13
pressing_nine,broll,assets/broll/sevilla_3_1.mp4,129,3.7,https://www.youtube.com/watch?v=d43_hiFvuGs,pressing_nine_14
pressing_nine,broll,assets/broll/training_ucl.mp4,255,3.7,prior local Barcelona project; see 05 clip sourcing plan.md,pressing_nine_15
pressing_nine,broll,assets/broll/sevilla_3_1.mp4,75,3.7,https://www.youtube.com/watch?v=d43_hiFvuGs,pressing_nine_16
pressing_nine,broll,assets/broll/training_focused.mp4,265,3.7,prior local Barcelona project; see 05 clip sourcing plan.md,pressing_nine_17
pressing_nine,broll,assets/broll/sevilla_3_1.mp4,84,3.7,https://www.youtube.com/watch?v=d43_hiFvuGs,pressing_nine_18
lamine_connection,broll,assets/broll/portrait_lamine_yamal.mp4,0,3.7,prior local Barcelona project; see 05 clip sourcing plan.md,lamine_connection_00
lamine_connection,broll,assets/broll/sevilla_3_1.mp4,104,3.7,https://www.youtube.com/watch?v=d43_hiFvuGs,lamine_connection_01
lamine_connection,broll,assets/broll/sevilla_3_1.mp4,108,3.7,https://www.youtube.com/watch?v=d43_hiFvuGs,lamine_connection_02
lamine_connection,broll,assets/broll/sevilla_3_1.mp4,112,3.7,https://www.youtube.com/watch?v=d43_hiFvuGs,lamine_connection_03
lamine_connection,broll,assets/broll/sevilla_3_1.mp4,116,3.7,https://www.youtube.com/watch?v=d43_hiFvuGs,lamine_connection_04
lamine_connection,broll,assets/broll/tactics_wide_overload.mp4,0,3.7,prior local Barcelona project; see 05 clip sourcing plan.md,lamine_connection_05
lamine_connection,broll,assets/broll/sevilla_3_1.mp4,145,3.7,https://www.youtube.com/watch?v=d43_hiFvuGs,lamine_connection_06
lamine_connection,broll,assets/broll/sevilla_3_1.mp4,150,3.7,https://www.youtube.com/watch?v=d43_hiFvuGs,lamine_connection_07
lamine_connection,broll,assets/broll/sevilla_3_1.mp4,154,3.7,https://www.youtube.com/watch?v=d43_hiFvuGs,lamine_connection_08
lamine_connection,broll,assets/broll/sevilla_3_1.mp4,158,3.7,https://www.youtube.com/watch?v=d43_hiFvuGs,lamine_connection_09
lamine_connection,broll,assets/broll/portrait_raphinha.mp4,0,3.7,prior local Barcelona project; see 05 clip sourcing plan.md,lamine_connection_10
lamine_connection,broll,assets/broll/training_focused.mp4,291,3.7,prior local Barcelona project; see 05 clip sourcing plan.md,lamine_connection_11
lamine_connection,broll,assets/broll/sevilla_3_1.mp4,120,3.7,https://www.youtube.com/watch?v=d43_hiFvuGs,lamine_connection_12
lamine_connection,broll,assets/broll/training_ucl.mp4,283,3.7,prior local Barcelona project; see 05 clip sourcing plan.md,lamine_connection_13
lamine_connection,broll,assets/broll/sevilla_3_1.mp4,162,3.7,https://www.youtube.com/watch?v=d43_hiFvuGs,lamine_connection_14
lamine_connection,broll,assets/broll/tactics_inside_runner.mp4,0,3.7,prior local Barcelona project; see 05 clip sourcing plan.md,lamine_connection_15
lamine_connection,broll,assets/broll/sevilla_3_1.mp4,103,3.7,https://www.youtube.com/watch?v=d43_hiFvuGs,lamine_connection_16
lamine_connection,broll,assets/broll/training_focused.mp4,320,3.7,prior local Barcelona project; see 05 clip sourcing plan.md,lamine_connection_17
lamine_connection,broll,assets/broll/sevilla_3_1.mp4,152,3.7,https://www.youtube.com/watch?v=d43_hiFvuGs,lamine_connection_18
lamine_connection,broll,assets/broll/feyenoord_5_1.mp4,160,3.7,prior local Barcelona project; see 05 clip sourcing plan.md,lamine_connection_19
sevilla_header_sound,insert,assets/broll/sevilla_3_1.mp4,102.0,19.0,https://www.youtube.com/watch?v=d43_hiFvuGs,studio claim or match sound; narration absent
wider_system,broll,assets/broll/portrait_rodri.mp4,0,3.7,prior local Barcelona project; see 05 clip sourcing plan.md,wider_system_00
wider_system,broll,assets/broll/training_ucl.mp4,310,3.7,prior local Barcelona project; see 05 clip sourcing plan.md,wider_system_01
wider_system,broll,assets/broll/feyenoord_5_1.mp4,95,3.7,prior local Barcelona project; see 05 clip sourcing plan.md,wider_system_02
wider_system,broll,assets/broll/sevilla_3_1.mp4,64,3.7,https://www.youtube.com/watch?v=d43_hiFvuGs,wider_system_03
wider_system,broll,assets/broll/training_focused.mp4,347,3.7,prior local Barcelona project; see 05 clip sourcing plan.md,wider_system_04
wider_system,broll,assets/broll/tactics_wide_overload.mp4,0,3.7,prior local Barcelona project; see 05 clip sourcing plan.md,wider_system_05
wider_system,broll,assets/broll/sevilla_3_1.mp4,110,3.7,https://www.youtube.com/watch?v=d43_hiFvuGs,wider_system_06
wider_system,broll,assets/broll/training_ucl.mp4,350,3.7,prior local Barcelona project; see 05 clip sourcing plan.md,wider_system_07
wider_system,broll,assets/broll/sevilla_3_1.mp4,152,3.7,https://www.youtube.com/watch?v=d43_hiFvuGs,wider_system_08
wider_system,broll,assets/broll/portrait_lamine_yamal.mp4,0,3.7,prior local Barcelona project; see 05 clip sourcing plan.md,wider_system_09
wider_system,broll,assets/broll/sevilla_3_1.mp4,62,3.7,https://www.youtube.com/watch?v=d43_hiFvuGs,wider_system_10
wider_system,broll,assets/broll/sevilla_3_1.mp4,112,3.7,https://www.youtube.com/watch?v=d43_hiFvuGs,wider_system_11
wider_system,broll,assets/broll/sevilla_3_1.mp4,154,3.7,https://www.youtube.com/watch?v=d43_hiFvuGs,wider_system_12
wider_system,broll,assets/broll/training_focused.mp4,381,3.7,prior local Barcelona project; see 05 clip sourcing plan.md,wider_system_13
wider_system,broll,assets/broll/tactics_inside_runner.mp4,0,3.7,prior local Barcelona project; see 05 clip sourcing plan.md,wider_system_14
wider_system,broll,assets/broll/feyenoord_5_1.mp4,120,3.7,prior local Barcelona project; see 05 clip sourcing plan.md,wider_system_15
wider_system,broll,assets/broll/sevilla_3_1.mp4,171,3.7,https://www.youtube.com/watch?v=d43_hiFvuGs,wider_system_16
wider_system,broll,assets/broll/training_ucl.mp4,382,3.7,prior local Barcelona project; see 05 clip sourcing plan.md,wider_system_17
wider_system,broll,assets/broll/sevilla_3_1.mp4,77,3.7,https://www.youtube.com/watch?v=d43_hiFvuGs,wider_system_18
sevilla_third_sound,insert,assets/broll/sevilla_3_1.mp4,134.0,19.0,https://www.youtube.com/watch?v=d43_hiFvuGs,studio claim or match sound; narration absent
real_vulnerability,broll,assets/broll/sevilla_3_1.mp4,25,3.7,https://www.youtube.com/watch?v=d43_hiFvuGs,real_vulnerability_00
real_vulnerability,broll,assets/broll/sevilla_3_1.mp4,34,3.7,https://www.youtube.com/watch?v=d43_hiFvuGs,real_vulnerability_01
real_vulnerability,broll,assets/broll/levante_4_2.mp4,131,3.7,prior local Barcelona project; see 05 clip sourcing plan.md,real_vulnerability_02
real_vulnerability,broll,assets/broll/levante_4_2.mp4,153,3.7,prior local Barcelona project; see 05 clip sourcing plan.md,real_vulnerability_03
real_vulnerability,broll,assets/broll/training_focused.mp4,410,3.7,prior local Barcelona project; see 05 clip sourcing plan.md,real_vulnerability_04
real_vulnerability,broll,assets/broll/sevilla_3_1.mp4,29,3.7,https://www.youtube.com/watch?v=d43_hiFvuGs,real_vulnerability_05
real_vulnerability,broll,assets/broll/tactics_coordinated_shift.mp4,0,3.7,prior local Barcelona project; see 05 clip sourcing plan.md,real_vulnerability_06
real_vulnerability,broll,assets/broll/sevilla_3_1.mp4,61,3.7,https://www.youtube.com/watch?v=d43_hiFvuGs,real_vulnerability_07
real_vulnerability,broll,assets/broll/sevilla_3_1.mp4,108,3.7,https://www.youtube.com/watch?v=d43_hiFvuGs,real_vulnerability_08
real_vulnerability,broll,assets/broll/training_ucl.mp4,405,3.7,prior local Barcelona project; see 05 clip sourcing plan.md,real_vulnerability_09
real_vulnerability,broll,assets/broll/sevilla_3_1.mp4,150,3.7,https://www.youtube.com/watch?v=d43_hiFvuGs,real_vulnerability_10
real_vulnerability,broll,assets/broll/portrait_raphinha.mp4,0,3.7,prior local Barcelona project; see 05 clip sourcing plan.md,real_vulnerability_11
real_vulnerability,broll,assets/broll/training_focused.mp4,439,3.7,prior local Barcelona project; see 05 clip sourcing plan.md,real_vulnerability_12
real_vulnerability,broll,assets/broll/sevilla_3_1.mp4,117,3.7,https://www.youtube.com/watch?v=d43_hiFvuGs,real_vulnerability_13
real_vulnerability,broll,assets/broll/levante_4_2.mp4,174,3.7,prior local Barcelona project; see 05 clip sourcing plan.md,real_vulnerability_14
real_vulnerability,broll,assets/broll/sevilla_3_1.mp4,156,3.7,https://www.youtube.com/watch?v=d43_hiFvuGs,real_vulnerability_15
real_vulnerability,broll,assets/broll/training_ucl.mp4,430,3.7,prior local Barcelona project; see 05 clip sourcing plan.md,real_vulnerability_16
real_vulnerability,broll,assets/broll/sevilla_3_1.mp4,72,3.7,https://www.youtube.com/watch?v=d43_hiFvuGs,real_vulnerability_17
real_vulnerability,broll,assets/broll/training_focused.mp4,395,3.7,prior local Barcelona project; see 05 clip sourcing plan.md,real_vulnerability_18
cbs_european_caveat,insert,assets/broll/cbs_sevilla.mp4,422.6,8.4,https://www.youtube.com/watch?v=ZHpl1ctjX4Y,studio claim or match sound; narration absent
europe_payoff,broll,assets/broll/sevilla_3_1.mp4,62,3.7,https://www.youtube.com/watch?v=d43_hiFvuGs,europe_payoff_00
europe_payoff,broll,assets/broll/training_ucl.mp4,450,3.7,prior local Barcelona project; see 05 clip sourcing plan.md,europe_payoff_01
europe_payoff,broll,assets/broll/tactics_inside_runner.mp4,0,3.7,prior local Barcelona project; see 05 clip sourcing plan.md,europe_payoff_02
europe_payoff,broll,assets/broll/sevilla_3_1.mp4,110,3.7,https://www.youtube.com/watch?v=d43_hiFvuGs,europe_payoff_03
europe_payoff,broll,assets/broll/tactics_wide_overload.mp4,0,3.7,prior local Barcelona project; see 05 clip sourcing plan.md,europe_payoff_04
europe_payoff,broll,assets/broll/sevilla_3_1.mp4,140,3.7,https://www.youtube.com/watch?v=d43_hiFvuGs,europe_payoff_05
europe_payoff,broll,assets/broll/training_focused.mp4,370,3.7,prior local Barcelona project; see 05 clip sourcing plan.md,europe_payoff_06
europe_payoff,broll,assets/broll/feyenoord_5_1.mp4,70,3.7,prior local Barcelona project; see 05 clip sourcing plan.md,europe_payoff_07
europe_payoff,broll,assets/broll/portrait_raphinha.mp4,0,3.7,prior local Barcelona project; see 05 clip sourcing plan.md,europe_payoff_08
europe_payoff,broll,assets/broll/sevilla_3_1.mp4,70,3.7,https://www.youtube.com/watch?v=d43_hiFvuGs,europe_payoff_09
europe_payoff,broll,assets/broll/training_ucl.mp4,478,3.7,prior local Barcelona project; see 05 clip sourcing plan.md,europe_payoff_10
europe_payoff,broll,assets/broll/sevilla_3_1.mp4,147,3.7,https://www.youtube.com/watch?v=d43_hiFvuGs,europe_payoff_11
europe_payoff,broll,assets/broll/tactics_coordinated_shift.mp4,0,3.7,prior local Barcelona project; see 05 clip sourcing plan.md,europe_payoff_12
europe_payoff,broll,assets/broll/sevilla_3_1.mp4,117,3.7,https://www.youtube.com/watch?v=d43_hiFvuGs,europe_payoff_13
europe_payoff,broll,assets/broll/portrait_lamine_yamal.mp4,0,3.7,prior local Barcelona project; see 05 clip sourcing plan.md,europe_payoff_14
europe_payoff,broll,assets/broll/sevilla_3_1.mp4,151,3.7,https://www.youtube.com/watch?v=d43_hiFvuGs,europe_payoff_15
europe_payoff,broll,assets/broll/training_focused.mp4,425,3.7,prior local Barcelona project; see 05 clip sourcing plan.md,europe_payoff_16
europe_payoff,broll,assets/broll/sevilla_3_1.mp4,172,3.7,https://www.youtube.com/watch?v=d43_hiFvuGs,europe_payoff_17
europe_payoff,broll,assets/broll/feyenoord_5_1.mp4,140,3.7,prior local Barcelona project; see 05 clip sourcing plan.md,europe_payoff_18
europe_payoff,broll,assets/broll/sevilla_3_1.mp4,176,3.7,https://www.youtube.com/watch?v=d43_hiFvuGs,europe_payoff_19
