file,start,duration,label,narration_anchor,section,timeline_start,kind
assets/broll/sevilla_current_1_3.mp4,174,1.939,hook_00_00,You prepare,hook,0.0,vo
assets/broll/sevilla_current_1_3.mp4,179,1.939,hook_00_01,You prepare,hook,1.939,vo
assets/broll/sevilla_current_1_3.mp4,145,1.939,hook_00_02,You prepare,hook,3.878,vo
assets/broll/sevilla_current_1_3.mp4,60,2.248333,hook_01_00,Against Sevilla,hook,5.817,vo
assets/broll/sevilla_current_1_3.mp4,112,2.248333,hook_01_01,Against Sevilla,hook,8.0653,vo
assets/broll/sevilla_current_1_3.mp4,144,2.248333,hook_01_02,Against Sevilla,hook,10.3137,vo
assets/broll/sevilla_current_1_3.mp4,146,2.229,hook_02_00,Three different,hook,12.562,vo
assets/broll/tactics_central_reference.mp4,0,2.4615,hook_03_00,Hansi Flick,hook,14.791,vo
assets/broll/raphinha_group_training.mp4,175,2.4615,hook_03_01,Hansi Flick,hook,17.2525,vo
assets/broll/sevilla_current_1_3.mp4,177,1.3875,hook_04_00,Fourteen goals,hook,19.714,vo
assets/broll/sevilla_current_1_3.mp4,122,1.3875,hook_04_01,Fourteen goals,hook,21.1015,vo
assets/broll/raphinha_training_spotlight.mp4,95,1.981333,hook_05_00,But this is bigger,hook,22.489,vo
assets/broll/raphinha_training_spotlight.mp4,103,1.981333,hook_05_01,But this is bigger,hook,24.4703,vo
assets/broll/raphinha_training_spotlight.mp4,113,1.981333,hook_05_02,But this is bigger,hook,26.4517,vo
assets/broll/sevilla_current_1_3.mp4,180,2.329668,hook_06_00,After the Sevilla,hook,28.433,vo
assets/broll/sevilla_current_1_3.mp4,174,2.329668,hook_06_01,After the Sevilla,hook,30.7627,vo
assets/inserts/insert_1.mp4,0,62.58,pundit_1,Original pundit audio,pundit_1,32.9723,insert
assets/broll/raphinha_training_spotlight.mp4,74,1.968,role_00_00,The important word,role,95.5523,vo
assets/broll/raphinha_training_spotlight.mp4,81,1.968,role_00_01,The important word,role,97.5203,vo
assets/broll/raphinha_best_2025_26.mp4,462,2.8675,role_01_00,Playing centrally,role,99.4883,vo
assets/broll/raphinha_best_2025_26.mp4,466,2.8675,role_01_01,Playing centrally,role,102.3558,vo
assets/broll/raphinha_training_spotlight.mp4,151,1.9215,role_02_00,It gives him,role,105.2233,vo
assets/broll/raphinha_training_spotlight.mp4,155,1.9215,role_02_01,It gives him,role,107.1448,vo
assets/broll/tactics_drop_and_follow.mp4,0,2.833,role_03_00,Come towards,role,109.0663,vo
assets/broll/tactics_pin_and_spin.mp4,0,2.195,role_04_00,Then disappear,role,111.8993,vo
assets/broll/raphinha_training_spotlight.mp4,97,1.985,role_05_00,Those movements,role,114.0943,vo
assets/broll/raphinha_training_spotlight.mp4,106,1.985,role_05_01,Those movements,role,116.0793,vo
assets/broll/tactics_blind_side.mp4,0,2.5715,role_06_00,He can recognise,role,118.0643,vo
assets/broll/raphinha_best_2025_26.mp4,778,2.5715,role_06_01,He can recognise,role,120.6358,vo
assets/broll/raphinha_best_2025_26.mp4,740,3.5065,role_07_00,Think about,role,123.2073,vo
assets/broll/raphinha_best_2025_26.mp4,744,3.5065,role_07_01,Think about,role,126.7138,vo
assets/broll/raphinha_best_2025_26.mp4,805,2.5655,role_08_00,Through the middle,role,130.2203,vo
assets/broll/raphinha_best_2025_26.mp4,809,2.5655,role_08_01,Through the middle,role,132.7858,vo
assets/broll/sevilla_current_1_3.mp4,176,1.968,role_09_00,Flick has not,role,135.3513,vo
assets/broll/sevilla_current_1_3.mp4,180,1.968,role_09_01,Flick has not,role,137.3193,vo
assets/broll/raphinha_training_spotlight.mp4,164,1.956,role_10_00,He is changing,role,139.2873,vo
assets/broll/raphinha_training_spotlight.mp4,168,1.956,role_10_01,He is changing,role,141.2433,vo
assets/broll/raphinha_best_2025_26.mp4,907,3.403847,role_11_00,This is a mobile,role,143.1993,vo
assets/broll/raphinha_best_2025_26.mp4,911,3.403847,role_11_01,This is a mobile,role,146.6032,vo
assets/broll/raphinha_best_2025_26.mp4,905,2.02,dilemma_00_00,Imagine you,dilemma,149.887,vo
assets/broll/raphinha_training_spotlight.mp4,125,1.289,dilemma_01_00,Raphinha comes short,dilemma,151.907,vo
assets/broll/tactics_drop_and_follow.mp4,0,2.357,dilemma_02_00,Follow him,dilemma,153.196,vo
assets/broll/tactics_hold_and_turn.mp4,0,1.9215,dilemma_03_00,Hold your position,dilemma,155.553,vo
assets/broll/raphinha_training_spotlight.mp4,162,1.9215,dilemma_03_01,Hold your position,dilemma,157.4745,vo
assets/broll/raphinha_group_training.mp4,159,2.7745,dilemma_04_00,Neither decision,dilemma,159.396,vo
assets/broll/raphinha_group_training.mp4,165,2.7745,dilemma_04_01,Neither decision,dilemma,162.1705,vo
assets/broll/sevilla_current_1_3.mp4,97,2.217,dilemma_05_00,Now put,dilemma,164.945,vo
assets/broll/tactics_double_yamal.mp4,0,2.1075,dilemma_06_00,If your team,dilemma,167.162,vo
assets/broll/sevilla_current_1_3.mp4,102,2.1075,dilemma_06_01,If your team,dilemma,169.2695,vo
assets/broll/sevilla_current_1_3.mp4,107,3.262,dilemma_07_00,Raphinha can,dilemma,171.377,vo
assets/broll/tactics_yamal_diagonal.mp4,0,2.1535,dilemma_08_00,If you protect,dilemma,174.639,vo
assets/broll/sevilla_current_1_3.mp4,136,2.1535,dilemma_08_01,If you protect,dilemma,176.7925,vo
assets/broll/raphinha_group_training.mp4,321,2.729,dilemma_09_00,Barcelona do not,dilemma,178.946,vo
assets/broll/portrait_pedri.mp4,1,2.02,dilemma_10_00,Pedri can,dilemma,181.675,vo
assets/broll/sevilla_current_1_3.mp4,138,1.974,dilemma_11_00,Yamal can,dilemma,183.695,vo
assets/broll/tactics_third_man.mp4,0,2.2695,dilemma_12_00,A combination,dilemma,185.669,vo
assets/broll/raphinha_group_training.mp4,356,2.2695,dilemma_12_01,A combination,dilemma,187.9385,vo
assets/broll/raphinha_training_spotlight.mp4,135,3.518,dilemma_13_00,That is why,dilemma,190.208,vo
assets/broll/sevilla_current_1_3.mp4,137,2.995,dilemma_14_00,The runner needs,dilemma,193.726,vo
assets/broll/sevilla_current_1_3.mp4,141,2.995,dilemma_14_01,The runner needs,dilemma,196.721,vo
assets/broll/raphinha_best_2025_26.mp4,850,2.415,dilemma_15_00,When those two,dilemma,199.716,vo
assets/broll/raphinha_best_2025_26.mp4,854,2.415,dilemma_15_01,When those two,dilemma,202.131,vo
assets/broll/raphinha_training_spotlight.mp4,197,2.219842,dilemma_16_00,Earlier in September,dilemma,204.546,vo
assets/broll/raphinha_training_spotlight.mp4,191,2.219842,dilemma_16_01,Earlier in September,dilemma,206.7659,vo
assets/inserts/insert_2.mp4,0,55.9,pundit_2,Original pundit audio,pundit_2,208.8657,insert
assets/broll/sevilla_current_1_3.mp4,10,2.322,sevilla_00_00,Sevilla gave us,sevilla,264.7657,vo
assets/broll/sevilla_current_1_3.mp4,38,2.0315,sevilla_01_00,And it started,sevilla,267.0877,vo
assets/broll/sevilla_current_1_3.mp4,42,2.0315,sevilla_01_01,And it started,sevilla,269.1192,vo
assets/broll/sevilla_current_1_3.mp4,40,1.9915,sevilla_02_00,Their pressure,sevilla,271.1507,vo
assets/broll/sevilla_current_1_3.mp4,44,1.9915,sevilla_02_01,Their pressure,sevilla,273.1422,vo
assets/broll/sevilla_current_1_3.mp4,54,3.216,sevilla_03_00,Then Raphinha,sevilla,275.1337,vo
assets/broll/sevilla_current_1_3.mp4,59,2.3395,sevilla_04_00,Christensen found,sevilla,278.3497,vo
assets/broll/sevilla_current_1_3.mp4,63,2.3395,sevilla_04_01,Christensen found,sevilla,280.6892,vo
assets/broll/tactics_box_turn.mp4,0,3.0475,sevilla_05_00,That is one version,sevilla,283.0287,vo
assets/broll/sevilla_current_1_3.mp4,68,3.0475,sevilla_05_01,That is one version,sevilla,286.0762,vo
assets/broll/sevilla_current_1_3.mp4,100,2.38,sevilla_06_00,After the break,sevilla,289.1237,vo
assets/broll/sevilla_current_1_3.mp4,107,2.937,sevilla_07_00,Yamal delivered,sevilla,291.5037,vo
assets/broll/sevilla_current_1_3.mp4,110,2.937,sevilla_07_01,Yamal delivered,sevilla,294.4407,vo
assets/broll/tactics_cross_arrival.mp4,0,2.09,sevilla_08_00,This time,sevilla,297.3777,vo
assets/broll/sevilla_current_1_3.mp4,124,2.09,sevilla_08_01,This time,sevilla,299.4677,vo
assets/broll/sevilla_current_1_3.mp4,137,3.773,sevilla_09_00,For the third,sevilla,301.5577,vo
assets/broll/sevilla_current_1_3.mp4,139,2.3685,sevilla_10_00,Raphinha ran,sevilla,305.3307,vo
assets/broll/sevilla_current_1_3.mp4,142,2.3685,sevilla_10_01,Raphinha ran,sevilla,307.6992,vo
assets/broll/sevilla_current_1_3.mp4,67,2.032,sevilla_11_00,Receive and turn,sevilla,310.0677,vo
assets/broll/sevilla_current_1_3.mp4,125,2.032,sevilla_11_01,Receive and turn,sevilla,312.0997,vo
assets/broll/sevilla_current_1_3.mp4,176,2.014,sevilla_12_00,It is tempting,sevilla,314.1317,vo
assets/broll/sevilla_current_1_3.mp4,180,2.014,sevilla_12_01,It is tempting,sevilla,316.1457,vo
assets/broll/tactics_rodri_yamal_run.mp4,0,1.869,sevilla_13_00,But that misses,sevilla,318.1597,vo
assets/broll/sevilla_current_1_3.mp4,158,2.798,sevilla_14_00,The defender,sevilla,320.0287,vo
assets/broll/sevilla_current_1_3.mp4,174,2.119,sevilla_15_00,And Raphinha,sevilla,322.8267,vo
assets/broll/sevilla_current_1_3.mp4,178,2.119,sevilla_15_01,And Raphinha,sevilla,324.9457,vo
assets/broll/raphinha_training_spotlight.mp4,94,2.558234,sevilla_16_00,He needs to recognise,sevilla,327.0647,vo
assets/broll/sevilla_current_1_3.mp4,174,2.0375,league_00_00,After that win,league,329.5029,vo
assets/broll/sevilla_current_1_3.mp4,179,2.0375,league_00_01,After that win,league,331.5404,vo
assets/broll/sevilla_current_1_3.mp4,61,2.0665,league_01_00,Thirty-one goals,league,333.5779,vo
assets/broll/sevilla_current_1_3.mp4,114,2.0665,league_01_01,Thirty-one goals,league,335.6444,vo
assets/broll/raphinha_training_spotlight.mp4,111,3.239,league_02_00,That is an extraordinary,league,337.7109,vo
assets/broll/raphinha_best_2025_26.mp4,673,2.125,league_03_00,Three of his,league,340.9499,vo
assets/broll/raphinha_group_training.mp4,332,2.7805,league_04_00,A scoring rate,league,343.0749,vo
assets/broll/raphinha_group_training.mp4,342,2.7805,league_04_01,A scoring rate,league,345.8554,vo
assets/broll/tactics_repeatable_routes.mp4,0,2.165,league_05_00,The stronger argument,league,348.6359,vo
assets/broll/raphinha_training_spotlight.mp4,171,2.165,league_05_01,The stronger argument,league,350.8009,vo
assets/broll/raphinha_training_spotlight.mp4,183,2.299,league_06_00,You can have,league,352.9659,vo
assets/broll/raphinha_training_spotlight.mp4,187,2.299,league_06_01,You can have,league,355.2649,vo
assets/broll/raphinha_training_spotlight.mp4,61,2.717,league_07_00,You can miss,league,357.5639,vo
assets/broll/raphinha_group_training.mp4,252,2.31,league_08_00,That is the part,league,360.2809,vo
assets/broll/raphinha_best_2025_26.mp4,462,2.868,league_09_00,And for Real Madrid,league,362.5909,vo
assets/broll/raphinha_group_training.mp4,304,3.483,league_10_00,Keep collecting,league,365.4589,vo
assets/broll/raphinha_best_2025_26.mp4,487,3.367,league_11_00,Then find a way,league,368.9419,vo
assets/broll/raphinha_group_training.mp4,156,3.181,league_12_00,Madrid had won,league,372.3089,vo
assets/broll/raphinha_training_spotlight.mp4,96,3.39,league_13_00,So this is not,league,375.4899,vo
assets/broll/sevilla_current_1_3.mp4,175,3.437,league_14_00,Every Barcelona win,league,378.8799,vo
assets/broll/raphinha_group_training.mp4,373,2.014,league_15_00,Every different route,league,382.3169,vo
assets/broll/raphinha_group_training.mp4,382,2.014,league_15_01,Every different route,league,384.3309,vo
assets/broll/raphinha_training_spotlight.mp4,134,2.660859,league_16_00,And earlier this month,league,386.3449,vo
assets/broll/raphinha_training_spotlight.mp4,138,2.660859,league_16_01,And earlier this month,league,389.0058,vo
assets/inserts/insert_3.mp4,0,58.77,pundit_3,Original pundit audio,pundit_3,391.5467,insert
assets/broll/tactics_compact_answer.mp4,0,2.3335,limits_payoff_00_00,There are answers,limits_payoff,450.3167,vo
assets/broll/raphinha_group_training.mp4,271,2.3335,limits_payoff_00_01,There are answers,limits_payoff,452.6502,vo
assets/broll/tactics_press_curve.mp4,0,2.984,limits_payoff_01_00,Pressure the passer,limits_payoff,454.9837,vo
assets/broll/raphinha_group_training.mp4,323,3.785,limits_payoff_02_00,Pass runners,limits_payoff,457.9677,vo
assets/broll/tactics_transition_cost.mp4,0,2.4035,limits_payoff_03_00,And when Barcelona,limits_payoff,461.7527,vo
assets/broll/raphinha_group_training.mp4,367,2.4035,limits_payoff_03_01,And when Barcelona,limits_payoff,464.1562,vo
assets/broll/sevilla_current_1_3.mp4,38,3.436,limits_payoff_04_00,Sevilla's first half,limits_payoff,466.5597,vo
assets/broll/raphinha_group_training.mp4,352,3.2625,limits_payoff_05_00,The experiment still,limits_payoff,469.9957,vo
assets/broll/raphinha_group_training.mp4,361,3.2625,limits_payoff_05_01,The experiment still,limits_payoff,473.2582,vo
assets/broll/raphinha_training_spotlight.mp4,93,2.74,limits_payoff_06_00,But that is,limits_payoff,476.5207,vo
assets/broll/raphinha_best_2025_26.mp4,851,2.537,limits_payoff_07_00,Raphinha is giving,limits_payoff,479.2607,vo
assets/broll/raphinha_best_2025_26.mp4,855,2.537,limits_payoff_07_01,Raphinha is giving,limits_payoff,481.7977,vo
assets/broll/raphinha_training_spotlight.mp4,140,3.402,limits_payoff_08_00,Whether this breaks,limits_payoff,484.3347,vo
assets/broll/sevilla_current_1_3.mp4,146,2.902,limits_payoff_09_00,Right now,limits_payoff,487.7367,vo
assets/broll/sevilla_current_1_3.mp4,150,2.902,limits_payoff_09_01,Right now,limits_payoff,490.6387,vo
assets/broll/raphinha_best_2025_26.mp4,775,3.483,limits_payoff_10_00,So when the next,limits_payoff,493.5407,vo
assets/broll/sevilla_current_1_3.mp4,139,2.13235,limits_payoff_11_00,Does he follow,limits_payoff,497.0237,vo
assets/broll/sevilla_current_1_3.mp4,143,2.13235,limits_payoff_11_01,Does he follow,limits_payoff,499.156,vo
